iter	Logloss
0	0.4334799303
1	0.3007570158
2	0.2398017992
3	0.2020798056
4	0.1791609383
5	0.1641636195
6	0.1526519067
7	0.143989157
8	0.1388640703
9	0.134771159
